t,nu_w4a8,nu_w4a7,nu_w4a6,nu_w4a5,factor_w4a8,factor_w4a7,factor_w4a6,factor_w4a5,v_w4a8,v_w4a7,v_w4a6,v_w4a5
800,6.607816115163358,13.59200436238056,13.613220557298838,10.926937500615718,1.4340450985920248,1.172532716299744,1.172217516246431,1.2240409994874561,0.0003609703386530116,0.0007133366210552105,0.001976899203264223,0.005545365739371855
783,6.472029238478971,9.10504210430109,9.47712018271007,8.003806967403186,1.4472242674066775,1.281490238993698,1.267482660586994,1.3331219692536278,0.00036154663046117504,0.0007288396097274163,0.00212947637365922,0.005775799781703099
768,7.303973661349834,14.29054050258958,10.519145632194284,8.99295091335641,1.3770757789719135,1.1627267734546423,1.2347653258141167,1.2860022935639426,0.0003563722738982525,0.0007781930751442964,0.0020584199092487103,0.005867853292486187
752,6.111122707412967,9.012467472824596,8.059802514228977,6.751253857412241,1.4864851142471864,1.2852063140043923,1.3300437589020129,1.420941515654837,0.00036844543750934084,0.0007680750454514847,0.002064032700092192,0.005791671144217267
736,6.47825739019504,10.087712892687911,10.141997317342984,7.508177875318423,1.4466022887337646,1.2472886991090146,1.2456399728528367,1.3630964804099361,0.00037269715421495213,0.0007744641325244105,0.00208200662289868,0.006390007749898484
721,6.8185420194396755,9.362295813219287,9.579617519150027,6.343496983107703,1.4150633100077377,1.2716543929692314,1.2638655571929542,1.4604584756886447,0.000371428800579598,0.0007198146609775538,0.0021806051977818143,0.00612340652643576
705,5.772059123629223,8.762629318782748,8.068790902661682,6.024793863986183,1.53021438276814,1.2957429582078577,1.3295549364079804,1.49691985915005,0.000368899023365316,0.0007317127931412936,0.0022053432820612734,0.006279097063843379
690,6.053758100637862,8.335137968887485,8.387744726264124,6.363850568500027,1.4933693502050107,1.315699517488365,1.3130995501083058,1.458310835489368,0.0003742217244811259,0.0007499753362559898,0.002181907743549241,0.006221452697281685
675,7.472863909493095,9.8459396589273,9.349478059457638,6.8082858742208,1.3654393811128482,1.254908919382824,1.2721281679896044,1.4159486462156552,0.000340729646403517,0.0007054849458364535,0.0022080494594972234,0.006161156899464291
661,7.084578248639993,8.477624146560359,8.245381096123339,5.968167639544825,1.3933462919043391,1.308755178557559,1.3202366627781048,1.5040109646752255,0.0003643016229103757,0.0007378601800345509,0.002225406018309513,0.006718182979259611
646,7.365346566584346,7.837311800874598,7.332385358271699,6.345664960313764,1.3727625000882706,1.342623465770724,1.3750666663461524,1.4602287609065006,0.00035189896766502267,0.000746251988692675,0.002321850643462687,0.006710096401841631
632,6.956957099108111,9.62706175751296,9.312141253779412,6.272582637560211,1.4034733325329471,1.2622241780106107,1.273517692094127,1.4681009519670911,0.0003486865532917235,0.0007409907749981065,0.0022857314671491514,0.006339147227861883
617,7.692507519859044,8.034654625580423,7.9342011666757815,6.759532091451327,1.351339017651315,1.331419132343077,1.3370293564079425,1.4202093738567774,0.0003492156445905935,0.0007676027214896192,0.0021697310221996118,0.006498231256307936
603,7.320973337494451,11.63914921606576,9.505730903053287,6.721526694625366,1.3758710809368129,1.2074871915735634,1.2664630568072206,1.4235918018374545,0.00034445939774838385,0.0007330626696355856,0.002172397640862594,0.0063987816275886174
589,8.28120701226483,8.65532047860307,7.994533940509479,6.097131041475273,1.3184101393402181,1.3005114489121932,1.3336372802036414,1.4881464565702176,0.00035981671651810445,0.0007606291610215949,0.0021383163381940395,0.006476333517545618
575,8.199825638823217,9.895267603552584,9.943571891379188,6.30771513228729,1.3225897172778585,1.2533163029331738,1.251775904762757,1.4642832542499276,0.0003466602326116663,0.0007509059427322902,0.0020165459592360693,0.006478764072413813
562,10.842839412986402,10.005588520376412,9.487899668069861,6.575152414950118,1.226171697414616,1.2498254806513542,1.2670975959424862,1.437143906608367,0.000346377508036245,0.0007489148264358879,0.0020661272652307827,0.00643221110902818
548,9.621767777345244,10.341059113879549,11.100208714448714,6.653946399120718,1.2624063154934675,1.239777703609844,1.2197751790928193,1.4297428093236881,0.00034587613254417296,0.0007429094424943516,0.002140092564102132,0.0064116183267776995
535,9.17239067984967,9.623607668119806,7.813364369510047,5.324815977942214,1.2788470524366249,1.2623429860331803,1.3440348605171915,1.601537051454449,0.0003648151590694792,0.0007574710208381991,0.002171043984207959,0.007086309270182585
522,8.966673112618667,10.686955366168817,11.304223690872275,7.435081041185484,1.2870810740893555,1.2302302608562905,1.2149561388944314,1.3679797936488112,0.00036454364960891917,0.0007753846960974111,0.0023657917227223975,0.006236943548083438
509,8.326938118146781,8.677196465540575,8.991377075791455,6.193705600314634,1.3161086709957925,1.2995269062879196,1.2860666758949761,1.47690519807827,0.0003909763327601821,0.0007647774837103386,0.002137340311844619,0.0061559493431246675
496,7.913804166088978,7.9829292219801475,8.343620941513318,6.008608991006076,1.3381917871863984,1.334284415843059,1.3152773500244617,1.4989261872353488,0.00042670846986608824,0.0008375144453571493,0.0022324512503921774,0.006205694651031881
483,9.830689448053175,11.512896382061157,10.388988369241112,6.471939745729263,1.255405352653492,1.2102409108304257,1.2384077688476907,1.4472332172878706,0.00037635267408331666,0.0008112474059579261,0.002372268105754959,0.006238284080392981
471,11.625659978419186,11.916094491199646,9.622014512894609,6.785536532948193,1.207777960626494,1.2016923095856906,1.2623978210244133,1.4179259705218201,0.00038231863301426994,0.0007897999550251107,0.002341681240420637,0.006256342058006527
459,8.805663451384882,9.017847107321638,11.0032411193496,6.735501510054624,1.2938728919357627,1.2849876848860704,1.2221422233934884,1.4223417510803265,0.0004076054399080376,0.0008282816919055958,0.002566295328543594,0.00662298518969294
446,13.931840499461421,16.91751260588839,11.819909009884684,6.583010386969189,1.1676187340997624,1.1340706090109514,1.2036678749249925,1.436394385159277,0.000405893276842919,0.0008151297762870272,0.0021553180901047932,0.006637725368134136
434,14.86707978673373,22.593179603796706,21.034770484794354,6.832980761659323,1.1554354238218099,1.0971195336746962,1.1050708755116154,1.4138232901455485,0.000402657383374638,0.0008035402242766205,0.002419835227104756,0.006416148053882372
423,11.335708740080122,16.932949951156964,21.979376513439103,8.042362008115337,1.2142311907625811,1.1339320098534882,1.100103223874614,1.3309963880538527,0.00041074169550165687,0.0008370326854907315,0.002437291170491051,0.006479639081884637
411,13.120045413929528,13.35397656001005,12.933600890267998,6.5438142026682815,1.179855380580973,1.1761497383255326,1.182922352852682,1.4401588425040646,0.00043299303413779004,0.000863136869948833,0.0027712233055432888,0.006906472036914788
399,17.283503071226132,16.536667484745333,14.513326608612061,7.150732832394285,1.1308600515653606,1.1375831153941427,1.159829601076946,1.3882942612401648,0.00044316032030945854,0.0008755472338964257,0.0026287378489881696,0.007357776820322439
388,12.392439061881966,12.54473969316588,14.341182569205516,9.215610410152475,1.1924476042718137,1.1896680295765114,1.162059023824064,1.2771768272280843,0.0004554794194549071,0.0009178533512451919,0.002834260572373248,0.006779492570302128
377,10.197914040201994,11.220772989369381,11.232886864376052,5.746743549488631,1.2439645000169728,1.2169015550329454,1.2166169725004161,1.5337968754955131,0.0005058575161136255,0.0009871739869203716,0.002618441238511907,0.007737029254075812
366,12.603010185620073,12.171712115226947,13.548025003175017,7.739041432746708,1.188625679404932,1.1966237323022562,1.1731897878165418,1.3484902528474687,0.0005197685088767435,0.0009948709778316504,0.002753023134339477,0.0075701223028289116
355,17.914258991438786,16.81641667317855,15.413053790471956,7.368230490276187,1.1256734605787122,1.1349854046437897,1.1491084753138552,1.372562244416056,0.00048241615064888144,0.0010081338007064855,0.0026996052077593573,0.007592650132790746
344,11.685726396798021,13.185578691113973,22.236424073698974,10.256100548511515,1.206489417320437,1.178801656599925,1.098831690456585,1.2422451117507984,0.0005250176579475297,0.0010112641229549333,0.002871354939046387,0.007370177660155944
334,10.012462265838849,13.865231733392005,16.61074826087477,7.7674670693301096,1.24961115992109,1.1685597083090635,1.1368855286731396,1.3467726778424935,0.0005405869241684046,0.001054997176655415,0.0033486579987088614,0.008038519343698716
323,14.160824708836211,18.454789733089285,100.51018815194587,9.90301098509382,1.1644625301232057,1.1215451569082135,1.0203024685823878,1.253068103254858,0.0005444114383452377,0.00106350475770009,0.003096354648312546,0.007808945023351604
313,11.928989782559364,17.54818972972369,15.016890126734596,11.291046619073814,1.201430361376046,1.12863233821855,1.1536465300488572,1.2152610014779337,0.0005725222591919004,0.0012018419113554253,0.003612051008526696,0.007919462530343785
303,10.50082198146309,14.437593762864115,169.79210556313177,9.930315175699773,1.235271366035097,1.160802807852718,1.0119195119060445,1.252196786090979,0.0005888375186527307,0.0011529538685632436,0.0037068237621241482,0.00826188616847512
293,11.443545710261422,20.89531080970489,16.980701560554564,10.160849236037969,1.2117848593486222,1.1058463668654115,1.1335050960007218,1.2450725337711281,0.0006023726672245171,0.001180388015499773,0.003163417225432497,0.008652100283676304
284,12.009606763395432,14.31678181515407,17.542934806112818,9.754983410716916,1.199808049134746,1.1623800786613985,1.1286758276315634,1.2578986819283355,0.0006046023784036348,0.001244860508761718,0.0028098141614070695,0.009840308047073809
274,13.13963223864948,18.202270456754533,15.512876369612556,8.097815189306377,1.1795391407142604,1.1234394898750888,1.148006978329022,1.3279863259069187,0.0006810819507481004,0.0012783677120658727,0.003314564007789919,0.010357510796270267
265,10.836430737232781,23.743998972439197,26.942528859682085,9.73995765721834,1.226335729829567,1.0919794009618482,1.0801843313984438,1.2583993464272747,0.0006520756951651077,0.0013279143573129825,0.0033585282068468248,0.010160127421276054
255,13.421144055482802,18.83940711310045,134693051.49792552,9.989351224748816,1.1751138056121344,1.118769027114029,1.0000000148485761,1.2503332177717446,0.0006596713877940815,0.0014102235317663405,0.0038745942238504988,0.010184558800605956
246,12.239578390039838,20.103218107520785,523446539.2933459,20.439885077630862,1.195320541902919,1.1104775950950467,1.0000000038208297,1.1084605457995056,0.0007450924805642708,0.0014408473839760978,0.003299385107292185,0.009728067304978511
238,10.680802626539908,23.615627340291375,88.21238524581571,12.083812530371173,1.2303934424088137,1.092525651396294,1.0231985229766865,1.1983376817028533,0.0007277486063688276,0.0015212227714612486,0.0039176307362365674,0.012354866462141852
229,10.214684189054914,34.83217411135725,125540458.51911387,14.795520826862411,1.243466450318901,1.0609158562943952,1.0000000159311193,1.1563046965467227,0.0007628855140016536,0.0017624091574250905,0.003915793838956388,0.010997856757446455
220,11.058297998910184,23.684839624806724,37.51270015667836,12.043277121570249,1.2207920296109294,1.092230333938558,1.0563178803970468,1.199138187246127,0.0007480699691736778,0.0017265258731804234,0.004125361164256184,0.01164323368248291
212,11.426063856714265,17.512538672437426,37.66177024596196,14.64441073453909,1.2121776417391215,1.1289279622266848,1.0560824655143546,1.158172653671939,0.0008201729318903282,0.0016425328112570508,0.003979393143021939,0.012150217792457304
204,10.406416145934044,20.979659242069562,540.7279048025637,23.11963110638785,1.2379135133545995,1.1053759698470706,1.0037124492386058,1.0946986237555578,0.0008132561859184587,0.0017710577484974339,0.004325674085919982,0.012718061897516663
195,13.586900841707724,60.4410591830533,54.84195088632721,12.663035575747735,1.172608709379896,1.0342225145806385,1.0378487161517251,1.1875638495053742,0.0008422160542158921,0.001751007501169937,0.004452793090834239,0.013893496133841806
188,18.865270268126274,19.193528827480755,104.57295039670768,13.036444869060471,1.118586892958354,1.1163228340190037,1.0194983179509303,1.181217776532984,0.0010100859427247322,0.0017893698045004837,0.004731860271230685,0.015649499369910017
180,15.039393258073805,57.71216837744974,179.9293659116605,17.50669325307362,1.1533813698548918,1.0358988001768303,1.0112404154859573,1.1289765630466428,0.0009808770157898484,0.0020632563281218195,0.004684660737377815,0.01437845185431254
172,12.788986461938112,37.1745824870987,19.21451215454279,13.41795961207357,1.1853742246369197,1.0568592392172262,1.11618104434474,1.1751626444610261,0.0009318809049756362,0.0020242457315182644,0.005626565805239717,0.01566621581672413
165,18.26105901573614,47.90295498240947,449201270.0540359,15.490524273732913,1.1229932194492722,1.0435701797578483,1.0000000044523472,1.1482522072099268,0.000982733378991549,0.0020825650874158417,0.00584583104775663,0.016064972576322226
158,16.20481869968352,73.80238588898163,53.47266464223942,24.931645326027798,1.1407972915588538,1.0278542276170646,1.0388555753602615,1.087215721836146,0.0009940089548402076,0.002112005776067593,0.006039208999624383,0.016796413256579025
150,12.157814935380589,40.72531982989255,21.150524948685756,13.465225690802487,1.196892738519366,1.0516457968271233,1.1044357794556046,1.1744405259814832,0.0010407524997395911,0.002626213000599416,0.00658649393886012,0.018675450567780878
143,15.109057947608687,950.9367930310991,36.34220752265123,14.580976715414739,1.1525662643336498,1.0021076219350833,1.0582373744809752,1.1589701694264736,0.0010978878677467589,0.0024648043823729308,0.009860889125813331,0.019861549376993238
137,14.029477263472337,38.3225439046098,3871319123.1749983,27.98761660717009,1.1662582634469933,1.055062222658534,1.0000000005166199,1.0769597316380368,0.0011513283632082238,0.002604266778543359,0.008162953896024259,0.020045875671583575
130,17.096192618448164,29.144537251569076,30.31378486547252,17.073583566836863,1.1324837361677487,1.0736796498486778,1.0706369709843673,1.132682450137482,0.0011648153968126002,0.002791931413425429,0.00898437456211161,0.021471589008181673
124,17.955741850802205,1680.4705144682107,372592765.04785776,42.94774726290741,1.1253467258809684,1.0011915609972057,1.0000000053677909,1.0488427357714916,0.0012321137042969946,0.0028242969064693688,0.009724171478957417,0.023288530861899887
117,14.42666605321163,137292992.25933486,25858662799.905655,19.308095420121546,1.1609442139537585,1.0000000145673862,1.0000000000773435,1.1155528642206871,0.0013655676746448994,0.0032884225546976668,0.009020556195769745,0.025649880348922228
111,26.23824676648993,9754133224.651253,33075986416.831,15.695311335076182,1.0825142189230064,1.0000000002050413,1.0000000000604667,1.1460353803624483,0.0014306123539815643,0.0032680599623300505,0.011562866637019796,0.02787909801792244
105,632.498142684017,1236.760887275917,86221805.69043829,26609473.64412693,1.0031720949906149,1.001619746803296,1.000000023195989,1.0000000751612068,0.0015102779606533511,0.00338058492150441,0.010393816112936417,0.029932676156725024
99,31.882219532903356,1716233253.3105698,3901315702.020378,36.844037453553256,1.066929432661379,1.0000000011653427,1.0000000005126475,1.0573986296124833,0.0015759703731181632,0.0039805705704333595,0.011145862391467183,0.03175596782713891
94,31.506159504715903,163625058.02799714,5640851741.918455,7107844234.865791,1.0677824574113193,1.0000000122230668,1.0000000003545564,1.0000000002813794,0.0016780301505138926,0.003916076333702769,0.012679509726056281,0.034144247149543214
88,34.192178726045725,54815780.88581169,2875160796.9075174,100.1581104941362,1.062126891659615,1.0000000364858448,1.0000000006956133,1.0203752903344596,0.0017755917806361306,0.004469515731292816,0.012331680176872991,0.03626783825519944
83,167.3920565553368,4074054566.046914,410452000643.69385,74879969638.27623,1.0120924791773833,1.0000000004909115,1.0000000000048728,1.0000000000267095,0.0018657547982303263,0.004755672036991532,0.014373459460173913,0.03999130926779358
78,83.50286612588927,144368151.74100354,27154316098.76752,148955341.78419438,1.0245390143324629,1.0000000138534713,1.000000000073653,1.0000000134268432,0.0020525013673329956,0.005027977083769606,0.01536731733230476,0.04498427324294257
73,1705677604.9903932,57264305738.537094,174576734224.1444,3914826862.035074,1.0000000011725545,1.0000000000349258,1.0000000000114562,1.0000000005108782,0.002195886630640257,0.005801348302106854,0.01889730547849727,0.04636553682617785
68,4382459.642371789,8662237640.638325,85779965921.0812,32.853877709847424,1.0000004563649356,1.0000000002308873,1.0000000000233156,1.06482167391756,0.0024012146856374162,0.006175884175336178,0.020465820311302636,0.05542811318997633
63,646856370.7635275,30122707945.19696,56897322361.37014,745921072.7183733,1.0000000030918765,1.0000000000663951,1.000000000035151,1.0000000026812488,0.002600678119116695,0.007101440718665064,0.022657882447440863,0.05933621078555236
59,75373787.69055966,72541755377.37129,4065952398.655571,1356539342.7539268,1.0000000265344242,1.0000000000275704,1.0000000004918896,1.0000000014743398,0.002754413981761389,0.0076249079251887565,0.02150904656211717,0.06720418394468193
55,139303246.47435436,1567412575.4491005,59126231597.806915,175.04146211244728,1.0000000143571675,1.0000000012759882,1.0000000000338258,1.011557923607351,0.0029579042077105544,0.008409452959563602,0.024292836948849202,0.07234117734635925
51,505785078.93953216,12333843322.649704,4785869291.173783,2100015278.002802,1.0000000039542487,1.0000000001621554,1.0000000004178968,1.000000000952374,0.00336686094565796,0.00918940736905514,0.029401724375321146,0.07851198500523461
47,17613192.632733386,5035646305.346249,257569295910.06628,2520114684.161247,1.0000001135512606,1.0000000003971685,1.000000000007765,1.0000000007936147,0.003563800426876798,0.010024525678335304,0.031127838107673656,0.09054836029321135
43,21102108.786210515,6044838643.946628,316022935700.72705,241587221489.68405,1.0000000947772665,1.0000000003308607,1.0000000000063287,1.0000000000082785,0.004102643237535921,0.01143499365000978,0.03296498503165964,0.11013765908438353
39,37248148.79093588,8002176035.333868,434513948.7966542,22.297713208658777,1.0000000536939464,1.000000000249932,1.000000004602844,1.0985332672424803,0.004709872201893028,0.013507677235463467,0.03939400334513755,0.12327346087371245
35,187617677.26175278,726114078566.857,1042490798.69611,616834191420.1852,1.0000000106599765,1.0000000000027545,1.0000000019184823,1.0000000000032423,0.005551754005673314,0.014827995596064328,0.04470113823148548,0.13460771950816142
32,9595702434.545855,162800693575.05127,8839136619.828777,2290640448.2905154,1.0000000002084266,1.000000000012285,1.0000000002262663,1.0000000008731182,0.00591249123165189,0.017911034447282634,0.05116797257706455,0.15086027201032448
29,1652149451.087923,77562730358.0054,96925789273.84445,188231504291.9682,1.0000000012105443,1.0000000000257856,1.0000000000206344,1.0000000000106253,0.0069295787426638675,0.019714465343623578,0.05899342848344542,0.17969736374166798
26,385407823631.28625,16336925079.22469,5056339374.282195,102839884.0237587,1.0000000000051894,1.000000000122422,1.0000000003955432,1.000000019447708,0.007934036301220474,0.023226290415008014,0.07784345290393485,0.20074770249508844
23,1182145415.4834795,20374010005.184776,13532063272.67661,3204347764.5619917,1.0000000016918393,1.0000000000981644,1.000000000147797,1.000000000624152,0.009137720895708358,0.02656548643536744,0.08188749371836343,0.22621911934762073
20,6470752905.106652,175657725.8336807,71717325567.9327,517584798483.1628,1.000000000309083,1.0000000113857788,1.0000000000278872,1.000000000003864,0.01146719149403342,0.032173412012898396,0.10178867480406076,0.260332093124185
18,22324047240.906975,38851290560.75147,266024718197.36682,1078148885906.9978,1.0000000000895894,1.0000000000514784,1.0000000000075182,1.000000000001855,0.013970046030266331,0.03616812022785682,0.11674969993817129,0.287831775508121
15,247911131567.85138,179998163.08257723,1262145047.2839046,87407274522.67165,1.0000000000080673,1.0000000111112246,1.000000001584604,1.0000000000228815,0.01656170740671426,0.046290752584661275,0.14320512775562225,0.33037085766489244
13,2383456749.3632,61991198918.961334,15097754036.214844,1997344369371.766,1.0000000008391174,1.0000000000322626,1.00000000013247,1.0000000000010014,0.019047986088528118,0.054087101881351844,0.17201577707560808,0.40407870249669425
11,10413681429.250008,981609043.6091137,2771023985.3262143,481134063876.4352,1.000000000192055,1.000000002037471,1.0000000007217549,1.000000000004157,0.023092191393232424,0.06626048364810397,0.20894584689469223,0.4827393897500586
9,69278310460.72021,22237716354.85482,1698723516.804513,6067545719.318804,1.0000000000288691,1.0000000000899374,1.0000000011773547,1.0000000003296226,0.028506148269640975,0.07978047789343735,0.24776028149845994,0.5232397458268546
8,837147873.3254247,8650708441.674967,214402603.50691536,26.42068807184889,1.0000000023890643,1.0000000002311948,1.000000009328245,1.0818977743016795,0.03440020556668334,0.09388886784240272,0.28234950384256124,0.5689116190393235
6,31972219810.711094,677040376652.102,364336407015.0907,5149457476.275153,1.0000000000625544,1.000000000002954,1.0000000000054894,1.0000000003883904,0.04600736497017725,0.12064617201337725,0.31805411075081996,0.5932856088350966
5,406545821539.5862,8757776279.938726,62533213574.84119,114491823900.77533,1.0000000000049194,1.0000000002283684,1.000000000031983,1.0000000000174685,0.05428535390365751,0.14982659974879312,0.35055597717977577,0.6363393023673398
3,8373459735.757526,164457083015.56412,168.00341937800877,82393194970.02264,1.0000000002388498,1.0000000000121612,1.0120479445995372,1.000000000024274,0.08272259284709103,0.20176435925193414,0.36802349203248563,0.6842215333677636
2,4543786342.771492,1254325992199.1719,80.32243872647803,6627408015.80523,1.0000000004401615,1.0000000000015945,1.0255354663685143,1.000000000301777,0.10880468856270964,0.2653241563547391,0.3715123617050073,0.646328954160226
1,1911926289.9738703,149899893941.77374,35.473564695954835,2157024411423.4941,1.0000000010460655,1.0000000000133422,1.0597486409997348,1.0000000000009273,0.1566340494649904,0.34353290978319234,0.36045918064868654,0.5771341157606795
0,3355036408.7798805,73975375058.0785,188.91868255088667,20.48337563817338,1.0000000005961187,1.000000000027036,1.0106998400197664,1.1082053429607002,0.24522136524403215,0.4791398162156519,0.3545393209336143,0.36655245726652474
